,uniqueid,phase,annotations,image_name,pid,dl,exp,habit,vehicle_ids
0,debugDygeA:debugVq9x9,INSTRUCTIONS,[],,,,,,
1,debugDygeA:debugVq9x9,INSTRUCTIONS,[],,,,,,
2,debugDygeA:debugVq9x9,INSTRUCTIONS,[],,,,,,
3,debugDygeA:debugVq9x9,INSTRUCTIONS,[],,,,,,
4,debugDygeA:debugVq9x9,INSTRUCTIONS,[],,,,,,
5,debugDygeA:debugVq9x9,drivingquestionnaire,[],,,,,,
6,debugDygeA:debugVq9x9,drivingquestionnaire,[],,613b9a3ff0c8f9557a11b295,False,Less than 1 Year,Less than 1 hour,
7,debugDVQyC:debugFHCj4,INSTRUCTIONS,[],,,,,,
8,debugDVQyC:debugFHCj4,INSTRUCTIONS,[],,,,,,
9,debugDVQyC:debugFHCj4,INSTRUCTIONS,[],,,,,,
10,debugDVQyC:debugFHCj4,INSTRUCTIONS,[],,,,,,
11,debugDVQyC:debugFHCj4,INSTRUCTIONS,[],,,,,,
12,debugDVQyC:debugFHCj4,drivingquestionnaire,[],,,,,,
13,debugDVQyC:debugFHCj4,drivingquestionnaire,[],,5fdeb821bbdf7f6a1815d08f,True,More than 15 Years,More than 15 hours,
14,debug3zn42:debug0Be4H,INSTRUCTIONS,[],,,,,,
15,debug3zn42:debug0Be4H,INSTRUCTIONS,[],,,,,,
16,debug3zn42:debug0Be4H,INSTRUCTIONS,[],,,,,,
17,debug3zn42:debug0Be4H,INSTRUCTIONS,[],,,,,,
18,debug3zn42:debug0Be4H,INSTRUCTIONS,[],,,,,,
19,debug3zn42:debug0Be4H,drivingquestionnaire,[],,,,,,
20,debug3zn42:debug0Be4H,drivingquestionnaire,[],,sadf,True,More than 15 Years,More than 15 hours,
21,debugG9sJ0:debugTS3cr,INSTRUCTIONS,[],,,,,,
22,debugG9sJ0:debugTS3cr,INSTRUCTIONS,[],,,,,,
23,debugG9sJ0:debugTS3cr,INSTRUCTIONS,[],,,,,,
24,debugG9sJ0:debugTS3cr,INSTRUCTIONS,[],,,,,,
25,debugG9sJ0:debugTS3cr,INSTRUCTIONS,[],,,,,,
26,debugG9sJ0:debugTS3cr,drivingquestionnaire,[],,,,,,
27,debugG9sJ0:debugTS3cr,drivingquestionnaire,[],,61071ee0d98a6df6efb59716,True,More than 15 Years,More than 1 hour,
28,debugG9sJ0:debugTS3cr,TRIAL,"[[515.5999755859375, 141.58749389648438, 87.0, 75.0]]",trial_1.png,,,,,
29,debugG9sJ0:debugTS3cr,TRIAL,"[[616.0, 260.8249816894531, 28.0, 44.0]]",trial_2.png,,,,,
30,debugG9sJ0:debugTS3cr,TRIAL,[],image_2_24_25795.png,,,,, 
31,debugG9sJ0:debugTS3cr,TRIAL,"[[578.0, 407.2250061035156, 43.0, 74.0], [635.0, 203.22499084472656, 22.0, 63.00001525878906], [599.0, 216.22499084472656, 19.0, 58.00001525878906]]",image_2_19_32577.png,,,,, 945 833 909 
32,debugG9sJ0:debugTS3cr,TRIAL,"[[659.0, 331.8249816894531, 42.0, 73.0], [581.0, 160.8249969482422, 50.0, 62.0]]",image_3_31_6044.png,,,,, 405 382 
33,debugG9sJ0:debugTS3cr,TRIAL,"[[624.5999755859375, 216.02499389648438, 32.0, 85.0], [579.5999755859375, 353.0249938964844, 36.0, 72.0]]",image_3_19_19636.png,,,,, 618 642 
34,debugG9sJ0:debugTS3cr,TRIAL,[],image_1_2_5565.png,,,,, 
35,debugG9sJ0:debugTS3cr,TRIAL,[],image_0_14_2.png,,,,, 
36,debugG9sJ0:debugTS3cr,TRIAL,[],image_0_14_1450.png,,,,, 
37,debugG9sJ0:debugTS3cr,TRIAL,"[[654.199951171875, 266.2250061035156, 52.0, 80.0]]",image_13_31_11881.png,,,,, 532 
38,debugG9sJ0:debugTS3cr,TRIAL,"[[631.199951171875, 290.0249938964844, 55.0, 51.0]]",image_2_19_12207.png,,,,, 211 
39,debug6gBIi:debugWuJgR,INSTRUCTIONS,[],,,,,,
40,debug6gBIi:debugWuJgR,INSTRUCTIONS,[],,,,,,
41,debug6gBIi:debugWuJgR,INSTRUCTIONS,[],,,,,,
42,debug6gBIi:debugWuJgR,INSTRUCTIONS,[],,,,,,
43,debug6gBIi:debugWuJgR,INSTRUCTIONS,[],,,,,,
44,debug6gBIi:debugWuJgR,drivingquestionnaire,[],,,,,,
45,debug6gBIi:debugWuJgR,drivingquestionnaire,[],,5d62182e7c07250019f1dd57,True,More than 15 Years,More than 15 hours,
46,debug6gBIi:debugWuJgR,TRIAL,"[[524.5, 139.28125, 87.0, 93.0]]",trial_1.png,,,,,
47,debug6gBIi:debugWuJgR,TRIAL,"[[604.5, 244.53125, 54.0, 81.0]]",trial_2.png,,,,,
48,debug6gBIi:debugWuJgR,TRIAL,"[[621.5, 252.71875, 39.0, 79.0], [579.5, 196.71875, 37.0, 81.0], [579.5, 603.71875, 38.0, 115.0]]",image_0_9_10242.png,,,,, 374 390 389 
49,debug6gBIi:debugWuJgR,TRIAL,"[[582.5, 375.71875, 44.0, 74.0], [587.5, 503.71875, 35.0, 73.0], [567.5, 197.71875, 47.0, 91.0]]",image_0_24_30409.png,,,,, 1470 1481 1475 
50,debug6gBIi:debugWuJgR,TRIAL,"[[400.5, 386.71875, 79.0, 46.0], [770.5, 334.71875, 63.0, 54.0], [582.5, 148.71875, 39.0, 75.0]]",image_0_19_31941.png,,,,, 879 868 875 
51,debug6gBIi:debugWuJgR,TRIAL,"[[581.5, 220.71875, 38.0, 90.0], [626.5, 173.71875, 31.0, 101.0]]",image_3_24_9990.png,,,,, 789 795 
52,debug6gBIi:debugWuJgR,TRIAL,"[[617.5, 213.71875, 35.0, 86.0], [661.5, 244.71875, 35.0, 87.0]]",image_2_31_18918.png,,,,, 864 877 
53,debug6gBIi:debugWuJgR,TRIAL,"[[618.5, 244.71875, 38.0, 80.0]]",image_3_19_26492.png,,,,, 737 
54,debug6gBIi:debugWuJgR,TRIAL,"[[615.5, 241.71875, 42.0, 82.0], [577.5, 478.71875, 38.0, 90.0], [580.5, 129.71875, 34.0, 84.0]]",image_2_2_5681.png,,,,, 372 383 386 
55,debug6gBIi:debugWuJgR,TRIAL,"[[576.5, 230.71875, 41.0, 95.0], [573.5, 375.71875, 44.0, 74.0], [624.5, 248.71875, 30.0, 75.0]]",image_4_2_5893.png,,,,, 384 386 372 
56,debugfODZe:debugE7G6Y,INSTRUCTIONS,[],,,,,,
57,debugfODZe:debugE7G6Y,INSTRUCTIONS,[],,,,,,
58,debugfODZe:debugE7G6Y,INSTRUCTIONS,[],,,,,,
59,debugfODZe:debugE7G6Y,INSTRUCTIONS,[],,,,,,
60,debugfODZe:debugE7G6Y,INSTRUCTIONS,[],,,,,,
61,debugfODZe:debugE7G6Y,drivingquestionnaire,[],,,,,,
62,debugfODZe:debugE7G6Y,drivingquestionnaire,[],,6117efedb574017076d5b499,True,More than 5 Year,More than 10 hours,
63,debugfODZe:debugE7G6Y,TRIAL,"[[536.0, 147.0, 66.0, 78.0]]",trial_1.png,,,,,
64,debugfODZe:debugE7G6Y,TRIAL,"[[613.0, 267.0, 47.0, 58.0], [362.0, 94.0, 104.0, 38.0]]",trial_2.png,,,,,
65,debugfODZe:debugE7G6Y,TRIAL,"[[659.0, 674.0, 35.0, 46.0], [639.0, 531.0, 46.0, 73.0]]",image_1_9_9703.png,,,,, 384 381 
66,debugfODZe:debugE7G6Y,TRIAL,"[[832.0, 120.0, 79.0, 39.0]]",image_0_24_23291.png,,,,, 1233 
67,debugI0vbC:debuguk5kb,INSTRUCTIONS,[],,,,,,
68,debugI0vbC:debuguk5kb,INSTRUCTIONS,[],,,,,,
69,debugI0vbC:debuguk5kb,INSTRUCTIONS,[],,,,,,
70,debugI0vbC:debuguk5kb,INSTRUCTIONS,[],,,,,,
71,debugI0vbC:debuguk5kb,INSTRUCTIONS,[],,,,,,
72,debugI0vbC:debuguk5kb,drivingquestionnaire,[],,,,,,
73,debugI0vbC:debuguk5kb,drivingquestionnaire,[],,5d7047d764b37b0017ffa710,True,More than 15 Years,More than 15 hours,
74,debugiOp9W:debugTfo4l,INSTRUCTIONS,[],,,,,,
75,debugiOp9W:debugTfo4l,INSTRUCTIONS,[],,,,,,
76,debugiOp9W:debugTfo4l,INSTRUCTIONS,[],,,,,,
77,debugiOp9W:debugTfo4l,INSTRUCTIONS,[],,,,,,
78,debugiOp9W:debugTfo4l,INSTRUCTIONS,[],,,,,,
79,debugiOp9W:debugTfo4l,drivingquestionnaire,[],,,,,,
80,debugiOp9W:debugTfo4l,drivingquestionnaire,[],,5e8debd2ae7a80071f189793,True,More than 5 Year,More than 10 hours,
81,debugiOp9W:debugTfo4l,TRIAL,"[[527.0, 143.0, 87.0, 77.0], [378.0, 32.0, 55.0, 39.0]]",trial_1.png,,,,,
82,debugiOp9W:debugTfo4l,TRIAL,"[[368.0, 0.0, 67.0, 44.0], [619.0, 265.0, 40.0, 58.0], [514.0, 22.0, 65.0, 42.0]]",trial_2.png,,,,,
83,debugiOp9W:debugTfo4l,TRIAL,"[[622.0, 156.0, 36.0, 66.0], [832.0, 0.0, 51.0, 33.0], [564.0, 226.0, 51.0, 84.0]]",image_3_2_2248.png,,,,, 294 266 325 
84,debugiOp9W:debugTfo4l,TRIAL,"[[508.0, 391.0, 115.0, 75.0], [512.0, 185.0, 153.0, 96.0]]",image_2_19_32832.png,,,,, 942 943 945 906 909 911 833 
85,debugiOp9W:debugTfo4l,TRIAL,"[[625.0, 175.0, 36.0, 83.0]]",image_0_9_3128.png,,,,, 277 
86,debugiOp9W:debugTfo4l,TRIAL,"[[543.0, 213.0, 77.0, 111.0], [548.0, 390.0, 77.0, 105.0], [622.0, 161.0, 79.0, 101.0]]",image_1_24_9882.png,,,,, 788 789 796 801 794 795 
87,debugiOp9W:debugTfo4l,TRIAL,"[[511.0, 10.0, 51.0, 66.0], [614.0, 492.0, 41.0, 75.0]]",image_0_24_1944.png,,,,, 295 281 
88,debugiOp9W:debugTfo4l,TRIAL,"[[672.0, 152.0, 50.0, 70.0], [588.0, 458.0, 126.0, 97.0]]",image_0_31_15951.png,,,,, 763 765 769 
89,debugiOp9W:debugTfo4l,TRIAL,"[[623.0, 256.0, 74.0, 71.0], [613.0, 448.0, 43.0, 79.0], [658.0, 384.0, 36.0, 76.0]]",image_5_31_12411.png,,,,, 509 510 526 527 
90,debugWmfxG:debugnQH8Y,INSTRUCTIONS,[],,,,,,
91,debugWmfxG:debugnQH8Y,INSTRUCTIONS,[],,,,,,
92,debugWmfxG:debugnQH8Y,INSTRUCTIONS,[],,,,,,
93,debugWmfxG:debugnQH8Y,INSTRUCTIONS,[],,,,,,
94,debugWmfxG:debugnQH8Y,INSTRUCTIONS,[],,,,,,
95,debugWmfxG:debugnQH8Y,drivingquestionnaire,[],,,,,,
96,debugWmfxG:debugnQH8Y,drivingquestionnaire,[],,59c3289b8e6ea10001f7b926,False,Less than 1 Year,Less than 1 hour,
97,debugukEhD:debugoa3Ka,INSTRUCTIONS,[],,,,,,
98,debugukEhD:debugoa3Ka,INSTRUCTIONS,[],,,,,,
99,debugukEhD:debugoa3Ka,INSTRUCTIONS,[],,,,,,
100,debugukEhD:debugoa3Ka,INSTRUCTIONS,[],,,,,,
101,debugukEhD:debugoa3Ka,INSTRUCTIONS,[],,,,,,
102,debugukEhD:debugoa3Ka,drivingquestionnaire,[],,,,,,
103,debugukEhD:debugoa3Ka,drivingquestionnaire,[],,63e52066b0f31aee3860d8c2,True,More than 5 Year,More than 5 hours,
104,debugjSiA6:debugQH5PZ,INSTRUCTIONS,[],,,,,,
105,debugjSiA6:debugQH5PZ,INSTRUCTIONS,[],,,,,,
106,debugjSiA6:debugQH5PZ,INSTRUCTIONS,[],,,,,,
107,debugjSiA6:debugQH5PZ,INSTRUCTIONS,[],,,,,,
108,debugjSiA6:debugQH5PZ,INSTRUCTIONS,[],,,,,,
109,debugjSiA6:debugQH5PZ,drivingquestionnaire,[],,,,,,
110,debugjSiA6:debugQH5PZ,drivingquestionnaire,[],,55ae64defdf99b3f864653e7,True,More than 10 Years,More than 5 hours,
111,debugjSiA6:debugQH5PZ,TRIAL,[],trial_1.png,,,,,
112,debugjSiA6:debugQH5PZ,TRIAL,"[[617.0, 466.0, 38.0, 58.0], [624.0, 267.0, 32.0, 63.0]]",image_2_19_12581.png,,,,, 524 508 
113,debugjSiA6:debugQH5PZ,TRIAL,"[[617.0, 190.0, 29.0, 59.0], [522.0, 567.0, 84.0, 50.0]]",image_1_31_16429.png,,,,, 763 781 
114,debugjSiA6:debugQH5PZ,TRIAL,"[[625.0, 190.0, 28.0, 66.0], [589.0, 237.0, 27.0, 50.0], [665.0, 184.0, 31.0, 64.0]]",image_3_24_9990.png,,,,, 795 789 794 
115,debugjSiA6:debugQH5PZ,TRIAL,"[[624.0, 170.0, 28.0, 48.0], [587.0, 376.0, 26.0, 50.0], [624.0, 519.0, 29.0, 71.0]]",image_4_24_27177.png,,,,, 1261 1402 1401 
116,debugjSiA6:debugQH5PZ,TRIAL,"[[622.0, 519.0, 34.0, 68.0], [586.0, 457.0, 31.0, 53.0], [624.0, 172.0, 32.0, 55.0]]",image_1_24_27127.png,,,,, 1401 1402 1261 
117,debugzjl4V:debug8uDe7,INSTRUCTIONS,[],,,,,,
118,debugzjl4V:debug8uDe7,INSTRUCTIONS,[],,,,,,
119,debugzjl4V:debug8uDe7,INSTRUCTIONS,[],,,,,,
120,debugzjl4V:debug8uDe7,INSTRUCTIONS,[],,,,,,
121,debugzjl4V:debug8uDe7,INSTRUCTIONS,[],,,,,,
122,debugzjl4V:debug8uDe7,drivingquestionnaire,[],,,,,,
123,debugzjl4V:debug8uDe7,drivingquestionnaire,[],,5c9157dc928ee400163e0c18,True,More than 15 Years,Less than 1 hour,
124,debugh7TvL:debugHSWGw,INSTRUCTIONS,[],,,,,,
125,debugh7TvL:debugHSWGw,INSTRUCTIONS,[],,,,,,
126,debugh7TvL:debugHSWGw,INSTRUCTIONS,[],,,,,,
127,debugh7TvL:debugHSWGw,INSTRUCTIONS,[],,,,,,
128,debugh7TvL:debugHSWGw,INSTRUCTIONS,[],,,,,,
129,debugh7TvL:debugHSWGw,drivingquestionnaire,[],,,,,,
130,debugh7TvL:debugHSWGw,drivingquestionnaire,[],,5e0d256753e8464d64940925,True,More than 15 Years,More than 15 hours,
131,debugh7TvL:debugHSWGw,TRIAL,"[[512.3999633789062, 139.1875, 96.0, 78.0]]",trial_1.png,,,,,
132,debugh7TvL:debugHSWGw,TRIAL,"[[615.3999633789062, 268.0249938964844, 41.0, 52.0]]",trial_2.png,,,,,
133,debugh7TvL:debugHSWGw,TRIAL,[],image_0_9_7342.png,,,,, 
134,debugh7TvL:debugHSWGw,TRIAL,"[[556.3999633789062, 173.4250030517578, 80.0, 50.0]]",image_3_31_5402.png,,,,, 386 
135,debugh7TvL:debugHSWGw,TRIAL,"[[606.3999633789062, 265.8249816894531, 31.0, 66.0], [572.3999633789062, 404.8249816894531, 34.0, 57.0]]",image_0_31_1547.png,,,,, 257 262 
136,debugh7TvL:debugHSWGw,TRIAL,"[[403.3999938964844, 300.0249938964844, 81.0, 43.0], [788.3999633789062, 273.0249938964844, 65.0, 35.0]]",image_0_19_18480.png,,,,, 629 624 
137,debugh7TvL:debugHSWGw,TRIAL,"[[585.3999633789062, 263.42498779296875, 33.0, 53.0], [581.3999633789062, 345.42498779296875, 39.0, 57.0]]",image_0_24_25698.png,,,,, 1272 1279 
138,debugh7TvL:debugHSWGw,TRIAL,"[[578.3999633789062, 183.02499389648438, 40.0, 67.0], [626.3999633789062, 219.02499389648438, 32.0, 72.0], [620.3999633789062, 469.0249938964844, 37.0, 56.999969482421875]]",image_3_19_19636.png,,,,, 644 618 641 
139,debugh7TvL:debugHSWGw,TRIAL,"[[623.3999633789062, 455.2250061035156, 50.0, 84.99996948242188], [629.3999633789062, 243.625, 33.0, 75.0]]",image_1_19_10596.png,,,,, 488 469 
140,debugh7TvL:debugHSWGw,TRIAL,"[[578.3999633789062, 201.22499084472656, 39.0, 70.99998474121094], [622.3999633789062, 253.22499084472656, 36.0, 68.99998474121094], [621.3999633789062, 453.8249816894531, 37.0, 51.0]]",image_0_9_10242.png,,,,, 390 374 381 
141,debugh7TvL:debugHSWGw,TRIAL,"[[694.3999633789062, 134.8249969482422, 64.0, 38.0], [620.3999633789062, 449.8249816894531, 36.0, 60.0]]",image_3_19_24354.png,,,,, 742 741 
142,debugh7TvL:debugHSWGw,TRIAL,"[[603.3999633789062, 282.8249816894531, 42.0, 51.0]]",image_2_2_3020.png,,,,, 266 
143,debug6EiJI:debugnSMLu,INSTRUCTIONS,[],,,,,,
144,debug6EiJI:debugnSMLu,INSTRUCTIONS,[],,,,,,
145,debug6EiJI:debugnSMLu,INSTRUCTIONS,[],,,,,,
146,debug6EiJI:debugnSMLu,INSTRUCTIONS,[],,,,,,
147,debug6EiJI:debugnSMLu,INSTRUCTIONS,[],,,,,,
148,debug6EiJI:debugnSMLu,drivingquestionnaire,[],,,,,,
149,debug6EiJI:debugnSMLu,drivingquestionnaire,[],,61592ea07347e286bca1955f,True,More than 1 Year,More than 1 hour,
150,debugCtGYY:debug9Kjf6,INSTRUCTIONS,[],,,,,,
151,debugCtGYY:debug9Kjf6,INSTRUCTIONS,[],,,,,,
152,debugCtGYY:debug9Kjf6,INSTRUCTIONS,[],,,,,,
153,debugCtGYY:debug9Kjf6,INSTRUCTIONS,[],,,,,,
154,debugCtGYY:debug9Kjf6,INSTRUCTIONS,[],,,,,,
155,debugCtGYY:debug9Kjf6,drivingquestionnaire,[],,,,,,
156,debugCtGYY:debug9Kjf6,drivingquestionnaire,[],,5fc803709e587e1295172443,True,More than 15 Years,More than 15 hours,
157,debugCtGYY:debug9Kjf6,TRIAL,"[[523.5, 148.28125, 86.0, 71.0], [384.5, 50.28125, 45.0, 11.0]]",trial_1.png,,,,,
158,debugCtGYY:debug9Kjf6,TRIAL,"[[614.5, 268.53125, 45.0, 51.0], [371.5, 4.53125, 54.0, 34.0]]",trial_2.png,,,,,
159,debugCtGYY:debug9Kjf6,TRIAL,"[[702.5, 27.71875, 43.0, 62.0], [631.5, 202.71875, 39.0, 66.0]]",image_1_24_5053.png,,,,, 525 446 
160,debugCtGYY:debug9Kjf6,TRIAL,"[[616.5, 282.71875, 33.0, 42.0]]",image_1_24_30813.png,,,,, 1479 
161,debugw3Yi5:debugqMtjl,INSTRUCTIONS,[],,,,,,
162,debugw3Yi5:debugqMtjl,INSTRUCTIONS,[],,,,,,
163,debugw3Yi5:debugqMtjl,INSTRUCTIONS,[],,,,,,
164,debugw3Yi5:debugqMtjl,INSTRUCTIONS,[],,,,,,
165,debugw3Yi5:debugqMtjl,INSTRUCTIONS,[],,,,,,
166,debugw3Yi5:debugqMtjl,drivingquestionnaire,[],,,,,,
167,debugw3Yi5:debugqMtjl,drivingquestionnaire,[],,5dc8d8b90a0b38630af7a0ba,True,More than 15 Years,More than 5 hours,
168,debugw3Yi5:debugqMtjl,TRIAL,"[[616.6666870117188, 517.2166748046875, 37.0, 68.0]]",trial_1.png,,,,,
169,debugw3Yi5:debugqMtjl,TRIAL,"[[366.66668701171875, 2.116668701171875, 60.0, 36.0]]",trial_2.png,,,,,
170,debugw3Yi5:debugqMtjl,TRIAL,"[[373.66668701171875, 156.98333740234375, 56.0, 19.0]]",image_0_9_1489.png,,,,, 
171,debugw3Yi5:debugqMtjl,TRIAL,"[[617.6666870117188, 494.316650390625, 40.0, 69.0], [897.6666870117188, 344.316650390625, 60.0, 38.0]]",image_2_31_14060.png,,,,, 679 685 
172,debugw3Yi5:debugqMtjl,TRIAL,[],image_0_14_1450.png,,,,, 
173,debugsB1Tj:debugD46vv,INSTRUCTIONS,[],,,,,,
174,debugsB1Tj:debugD46vv,INSTRUCTIONS,[],,,,,,
175,debugsB1Tj:debugD46vv,INSTRUCTIONS,[],,,,,,
176,debugsB1Tj:debugD46vv,INSTRUCTIONS,[],,,,,,
177,debugsB1Tj:debugD46vv,INSTRUCTIONS,[],,,,,,
178,debugsB1Tj:debugD46vv,drivingquestionnaire,[],,,,,,
179,debugsB1Tj:debugD46vv,drivingquestionnaire,[],,55a43278fdf99b02ff6caf89,True,More than 15 Years,More than 1 hour,
180,debugsB1Tj:debugD46vv,TRIAL,"[[531.0, 137.0, 71.0, 89.0]]",trial_1.png,,,,,
181,debugsB1Tj:debugD46vv,TRIAL,"[[623.0, 257.0, 31.0, 65.0]]",trial_2.png,,,,,
182,debugsB1Tj:debugD46vv,TRIAL,"[[567.0, 181.0, 58.0, 84.0]]",image_0_24_14255.png,,,,, 875 
183,debugsB1Tj:debugD46vv,TRIAL,"[[601.0, 177.0, 43.0, 94.0], [652.0, 222.0, 36.0, 43.0]]",image_0_24_31082.png,,,,, 1469 211 
184,debugsB1Tj:debugD46vv,TRIAL,[],image_0_31_15272.png,,,,, 
185,debugsB1Tj:debugD46vv,TRIAL,"[[659.0, 259.0, 34.0, 80.0]]",image_1_31_11986.png,,,,, 527 
186,debugCw14T:debugrricV,INSTRUCTIONS,[],,,,,,
187,debugCw14T:debugrricV,INSTRUCTIONS,[],,,,,,
188,debugCw14T:debugrricV,INSTRUCTIONS,[],,,,,,
189,debugCw14T:debugrricV,INSTRUCTIONS,[],,,,,,
190,debugCw14T:debugrricV,INSTRUCTIONS,[],,,,,,
191,debugCw14T:debugrricV,drivingquestionnaire,[],,,,,,
192,debugCw14T:debugrricV,drivingquestionnaire,[],,5bc9f8b677740000016a08b5,True,More than 15 Years,More than 10 hours,
193,debugCw14T:debugrricV,TRIAL,"[[529.0, 143.0, 78.0, 80.0], [378.0, 48.0, 59.0, 21.0]]",trial_1.png,,,,,
194,debugCw14T:debugrricV,TRIAL,"[[624.0, 272.0, 30.0, 42.0]]",trial_2.png,,,,,
195,debugCw14T:debugrricV,TRIAL,[],image_0_19_31941.png,,,,, 
196,debugCw14T:debugrricV,TRIAL,"[[658.0, 225.0, 41.0, 60.0], [627.0, 71.0, 26.0, 50.0], [591.0, 241.0, 31.0, 74.0]]",image_1_31_2525.png,,,,, 262 256 260 
197,debugAwLPL:debugoK3Y5,INSTRUCTIONS,[],,,,,,
198,debugAwLPL:debugoK3Y5,INSTRUCTIONS,[],,,,,,
199,debugAwLPL:debugoK3Y5,INSTRUCTIONS,[],,,,,,
200,debugAwLPL:debugoK3Y5,INSTRUCTIONS,[],,,,,,
201,debugAwLPL:debugoK3Y5,INSTRUCTIONS,[],,,,,,
202,debugAwLPL:debugoK3Y5,drivingquestionnaire,[],,,,,,
203,debugAwLPL:debugoK3Y5,drivingquestionnaire,[],,5c65b3d45416680001bed9fa,True,More than 15 Years,More than 15 hours,
204,debugPH1zE:debugWMl1A,INSTRUCTIONS,[],,,,,,
205,debugPH1zE:debugWMl1A,INSTRUCTIONS,[],,,,,,
206,debugPH1zE:debugWMl1A,INSTRUCTIONS,[],,,,,,
207,debugPH1zE:debugWMl1A,INSTRUCTIONS,[],,,,,,
208,debugPH1zE:debugWMl1A,INSTRUCTIONS,[],,,,,,
209,debugPH1zE:debugWMl1A,drivingquestionnaire,[],,,,,,
210,debugPH1zE:debugWMl1A,drivingquestionnaire,[],,614ee4370d85f20de1b9548f,False,More than 5 Year,More than 1 hour,
211,debugPH1zE:debugWMl1A,TRIAL,[],trial_1.png,,,,,
212,debugPH1zE:debugWMl1A,TRIAL,[],trial_2.png,,,,,
213,debugPH1zE:debugWMl1A,TRIAL,[],image_2_24_31131.png,,,,, 
214,debugPH1zE:debugWMl1A,TRIAL,[],image_2_19_16335.png,,,,, 
215,debugPH1zE:debugWMl1A,TRIAL,[],image_0_24_2877.png,,,,, 
216,debug7ygdb:debugg6atM,INSTRUCTIONS,[],,,,,,
217,debug7ygdb:debugg6atM,INSTRUCTIONS,[],,,,,,
218,debug7ygdb:debugg6atM,INSTRUCTIONS,[],,,,,,
219,debug7ygdb:debugg6atM,INSTRUCTIONS,[],,,,,,
220,debug7ygdb:debugg6atM,INSTRUCTIONS,[],,,,,,
221,debug7ygdb:debugg6atM,drivingquestionnaire,[],,,,,,
222,debug7ygdb:debugg6atM,drivingquestionnaire,[],,633dc3726ff6f987b3e268d6,True,More than 15 Years,More than 15 hours,
223,debug7ygdb:debugg6atM,TRIAL,"[[529.0, 139.0, 71.0, 106.0], [390.0, 33.0, 44.0, 43.0]]",trial_1.png,,,,,
224,debug7ygdb:debugg6atM,TRIAL,"[[612.0, 228.0, 12.0, 65.0]]",trial_2.png,,,,,
225,debug7ygdb:debugg6atM,TRIAL,"[[521.0, 168.0, 147.0, 139.0]]",image_3_24_6124.png,,,,, 608 446 610 611 
226,debug7ygdb:debugg6atM,TRIAL,"[[505.0, 268.0, 78.0, 182.0]]",image_0_24_10708.png,,,,, 914 916 
227,debug7ygdb:debugg6atM,TRIAL,"[[622.0, 121.0, 189.0, 265.0]]",image_4_31_4878.png,,,,, 327 328 329 330 331 332 333 334 335 337 
228,debugzuR1e:debug5uMoW,INSTRUCTIONS,[],,,,,,
229,debugzuR1e:debug5uMoW,INSTRUCTIONS,[],,,,,,
230,debugzuR1e:debug5uMoW,INSTRUCTIONS,[],,,,,,
231,debugzuR1e:debug5uMoW,INSTRUCTIONS,[],,,,,,
232,debugzuR1e:debug5uMoW,INSTRUCTIONS,[],,,,,,
233,debugzuR1e:debug5uMoW,drivingquestionnaire,[],,,,,,
234,debugzuR1e:debug5uMoW,drivingquestionnaire,[],,61592ea07347e286bca1955f,True,More than 1 Year,More than 1 hour,
235,debugzuR1e:debug5uMoW,TRIAL,"[[530.0, 134.0, 76.0, 92.0]]",trial_1.png,,,,,
236,debugzuR1e:debug5uMoW,TRIAL,"[[612.0, 254.0, 46.0, 70.0]]",trial_2.png,,,,,
237,debugzuR1e:debug5uMoW,TRIAL,[],image_0_14_800.png,,,,, 
238,debugzuR1e:debug5uMoW,TRIAL,"[[653.0, 223.0, 35.0, 40.0], [596.0, 187.0, 52.0, 75.0]]",image_0_24_31082.png,,,,, 211 1469 
239,debugzuR1e:debug5uMoW,TRIAL,"[[613.0, 492.0, 49.0, 70.0]]",image_2_31_7769.png,,,,, 438 
240,debugzuR1e:debug5uMoW,TRIAL,[],image_1_31_7085.png,,,,, 
241,debugzuR1e:debug5uMoW,TRIAL,[],image_1_24_4867.png,,,,, 
242,debugYSVno:debugmzc39,INSTRUCTIONS,[],,,,,,
243,debugYSVno:debugmzc39,INSTRUCTIONS,[],,,,,,
244,debugYSVno:debugmzc39,INSTRUCTIONS,[],,,,,,
245,debugYSVno:debugmzc39,INSTRUCTIONS,[],,,,,,
246,debugYSVno:debugmzc39,INSTRUCTIONS,[],,,,,,
247,debugYSVno:debugmzc39,drivingquestionnaire,[],,,,,,
248,debugYSVno:debugmzc39,drivingquestionnaire,[],,6115ddc1b0981cea63afacce,False,Less than 1 Year,Less than 1 hour,
249,debugqGdkn:debugYv3mU,INSTRUCTIONS,[],,,,,,
250,debugqGdkn:debugYv3mU,INSTRUCTIONS,[],,,,,,
251,debugqGdkn:debugYv3mU,INSTRUCTIONS,[],,,,,,
252,debugqGdkn:debugYv3mU,INSTRUCTIONS,[],,,,,,
253,debugqGdkn:debugYv3mU,INSTRUCTIONS,[],,,,,,
254,debugqGdkn:debugYv3mU,drivingquestionnaire,[],,,,,,
255,debugqGdkn:debugYv3mU,drivingquestionnaire,[],,63e6ad367c441aa66e075e56,True,More than 5 Year,More than 1 hour,
